,width_median,width_mad,width_mean,width_count,width_min,width_max,height_median,height_mad,height_mean,height_count,height_min,height_max,avg_length
0,2.284282815997441,0.005103703666663684,2.2894132519982713,6,2.2785230040255993,2.30829567450411,2.3020205219113103,0.018319892794903314,2.3081366107837664,6,2.281139824339193,2.342039931957234,2.9129520914492533
1,2.2941939773742765,0.0063948424898994105,2.307266322406962,9,2.28614909077629,2.357639492120547,2.456231404018385,0.025434451660280466,2.392923238794965,9,1.7718034590622398,2.5541477629098255,2.526890945345882
2,2.345316866905831,0.02542064985171333,2.374662282254963,9,2.3177763537743132,2.478687002002987,2.5184386559853738,0.03909630656001051,2.4186644977590683,9,2.0062714961820802,2.5575349625453843,2.3182034835056196
3,2.306791405121679,0.001138520533899623,2.307677709909691,9,2.3050258369400183,2.313956696124307,2.492998880119538,0.003662819143741114,2.4943676069184413,9,2.483573594793554,2.5135732387129686,2.4336006584783614
